,team,games,errors,pick_offs,putouts,assists,double_plays,fielding_pct,passed_balls,stolen_bases,caught_stealing,cs_percent,year,win,lose,draw,win_rate,rank,errors_per_game,pick_offs_per_game,putouts_per_game,assists_per_game,double_plays_per_game,passed_balls_per_game,predicted_win_rate,residual
0,Doosan Bears,133,109,3,3541,1599,140,0.979,12,126,56,30.8,2001,65,63,5,0.508,3,0.8195488721804511,0.022556390977443608,26.62406015037594,12.022556390977444,1.0526315789473684,0.09022556390977443,0.49090705109320343,0.01709294890679658
1,Hanwha Eagles,133,117,2,3555,1413,130,0.977,9,111,48,30.2,2001,61,68,4,0.473,4,0.8796992481203008,0.015037593984962405,26.729323308270676,10.62406015037594,0.9774436090225563,0.06766917293233082,0.5115928103283887,-0.03859281032838868
2,Hyundai Unicorns,133,116,6,3550,1553,147,0.978,5,96,69,41.8,2001,72,57,4,0.558,2,0.8721804511278195,0.045112781954887216,26.69172932330827,11.676691729323307,1.105263157894737,0.03759398496240601,0.5042050391729651,0.05379496082703494
3,Kia Tigers,133,107,1,3536,1477,134,0.979,10,100,53,34.6,2001,60,68,5,0.469,5,0.8045112781954887,0.007518796992481203,26.586466165413533,11.105263157894736,1.0075187969924813,0.07518796992481203,0.4835192799377799,-0.014519279937779905
4,LG Twins,133,103,12,3554,1485,129,0.98,16,110,55,33.3,2001,58,67,8,0.464,6,0.7744360902255639,0.09022556390977443,26.721804511278197,11.165413533834586,0.9699248120300752,0.12030075187969924,0.5101152560973041,-0.0461152560973041
5,Lotte Giants,133,99,9,3515,1518,141,0.981,12,85,58,40.6,2001,59,70,4,0.457,8,0.7443609022556391,0.06766917293233082,26.428571428571427,11.413533834586467,1.0601503759398496,0.09022556390977443,0.45249064108500114,0.004509358914998873
6,Incheon,133,96,3,3514,1434,124,0.981,19,106,44,29.3,2001,60,71,2,0.458,7,0.7218045112781954,0.022556390977443608,26.42105263157895,10.781954887218046,0.9323308270676691,0.14285714285714285,0.4510130868539175,0.0069869131460825185
7,Samsung Lions,133,79,7,3562,1365,112,0.984,10,95,48,33.6,2001,81,52,0,0.609,1,0.5939849624060151,0.05263157894736842,26.781954887218046,10.263157894736842,0.8421052631578947,0.07518796992481203,0.5219356899459813,0.08706431005401871
8,Doosan Bears,133,88,3,3549,1447,130,0.983,7,103,53,34.0,2002,66,65,2,0.504,5,0.6616541353383458,0.022556390977443608,26.68421052631579,10.8796992481203,0.9774436090225563,0.05263157894736842,0.5027274849418806,0.0012725150581194278
9,Hanwha Eagles,133,85,10,3554,1363,94,0.983,9,116,43,27.0,2002,59,69,5,0.461,7,0.6390977443609023,0.07518796992481203,26.721804511278197,10.24812030075188,0.706766917293233,0.06766917293233082,0.5101152560973041,-0.049115256097304105
10,Hyundai Unicorns,133,82,10,3559,1445,125,0.984,12,82,46,35.9,2002,70,58,5,0.547,3,0.6165413533834586,0.07518796992481203,26.7593984962406,10.864661654135338,0.9398496240601504,0.09022556390977443,0.5175030272527268,0.029496972747273253
11,LG Twins,133,91,10,3572,1369,139,0.982,8,67,48,41.7,2002,66,61,6,0.52,4,0.6842105263157895,0.07518796992481203,26.857142857142858,10.293233082706767,1.0451127819548873,0.06015037593984962,0.5367112322568284,-0.016711232256828357
12,Lotte Giants,133,117,2,3504,1523,165,0.977,13,107,41,27.7,2002,35,97,1,0.265,8,0.8796992481203008,0.015037593984962405,26.345864661654137,11.451127819548873,1.2406015037593985,0.09774436090225563,0.4362375445430704,-0.17123754454307039
13,Incheon,133,94,8,3537,1363,95,0.981,8,129,50,27.9,2002,61,69,3,0.469,6,0.706766917293233,0.06015037593984962,26.593984962406015,10.24812030075188,0.7142857142857143,0.06015037593984962,0.4849968341688644,-0.015996834168864438
14,Samsung Lions,133,87,5,3593,1409,115,0.983,14,74,65,46.8,2002,82,47,4,0.636,1,0.6541353383458647,0.03759398496240601,27.015037593984964,10.593984962406015,0.8646616541353384,0.10526315789473684,0.5677398711096062,0.06826012889039379
15,Kia Tigers,133,101,1,3585,1403,127,0.98,12,75,60,44.4,2002,78,51,4,0.605,2,0.7593984962406015,0.007518796992481203,26.954887218045112,10.548872180451127,0.9548872180451128,0.09022556390977443,0.5559194372609282,0.0490805627390718
16,Doosan Bears,133,90,2,3527,1403,135,0.982,10,108,39,26.5,2003,57,74,2,0.435,7,0.6766917293233082,0.015037593984962405,26.518796992481203,10.548872180451127,1.0150375939849625,0.07518796992481203,0.4702212918580182,-0.0352212918580182
17,Hanwha Eagles,133,75,4,3576,1324,97,0.985,7,110,37,25.2,2003,63,65,5,0.492,5,0.5639097744360902,0.03007518796992481,26.887218045112782,9.954887218045112,0.7293233082706767,0.05263157894736842,0.5426214491811665,-0.05062144918116651
18,Hyundai Unicorns,133,112,3,3570,1448,131,0.978,9,120,73,37.8,2003,80,51,2,0.611,1,0.8421052631578947,0.022556390977443608,26.842105263157894,10.887218045112782,0.9849624060150376,0.06766917293233082,0.5337561237946584,0.07724387620534157
19,Kia Tigers,133,70,1,3534,1493,123,0.986,7,48,52,52.0,2003,78,50,5,0.609,2,0.5263157894736842,0.007518796992481203,26.571428571428573,11.225563909774436,0.924812030075188,0.05263157894736842,0.4805641714756108,0.12843582852438917
20,LG Twins,133,98,15,3509,1308,116,0.98,6,47,52,52.5,2003,60,71,2,0.458,6,0.7368421052631579,0.11278195488721804,26.383458646616543,9.834586466165414,0.8721804511278195,0.045112781954887216,0.44362531569849395,0.014374684301506069
21,Lotte Giants,133,104,7,3493,1547,147,0.98,14,78,51,39.5,2003,39,91,3,0.3,8,0.7819548872180451,0.05263157894736842,26.263157894736842,11.631578947368421,1.105263157894737,0.10526315789473684,0.41998444800113877,-0.11998444800113878
22,Incheon,133,90,14,3544,1560,118,0.983,14,101,67,39.9,2003,66,64,3,0.508,4,0.6766917293233082,0.10526315789473684,26.646616541353385,11.729323308270677,0.8872180451127819,0.10526315789473684,0.4953397137864579,0.012660286213542093
23,Samsung Lions,133,75,10,3549,1379,118,0.985,9,81,54,40.0,2003,76,53,4,0.589,3,0.5639097744360902,0.07518796992481203,26.68421052631579,10.368421052631579,0.8872180451127819,0.06766917293233082,0.5027274849418806,0.08627251505811939
24,Doosan Bears,133,88,6,3533,1409,146,0.983,11,82,40,32.8,2004,70,62,1,0.53,3,0.6616541353383458,0.045112781954887216,26.56390977443609,10.593984962406015,1.0977443609022557,0.08270676691729323,0.4790866172445263,0.050913382755473746
25,Hanwha Eagles,133,95,8,3542,1397,115,0.981,11,96,40,29.4,2004,53,74,6,0.417,7,0.7142857142857143,0.06015037593984962,26.63157894736842,10.503759398496241,0.8646616541353384,0.08270676691729323,0.49238460532428796,-0.07538460532428798
26,Hyundai Unicorns,133,78,7,3561,1467,112,0.985,12,82,45,35.4,2004,75,53,5,0.586,1,0.5864661654135338,0.05263157894736842,26.774436090225564,11.030075187969924,0.8421052631578947,0.09022556390977443,0.5204581357148967,0.06554186428510322
27,Kia Tigers,133,79,2,3549,1451,151,0.984,7,62,43,41.0,2004,67,61,5,0.523,4,0.5939849624060151,0.015037593984962405,26.68421052631579,10.909774436090226,1.1353383458646618,0.05263157894736842,0.5027274849418806,0.020272515058119445
28,LG Twins,133,104,13,3493,1361,142,0.979,16,64,51,44.3,2004,59,70,4,0.457,6,0.7819548872180451,0.09774436090225563,26.263157894736842,10.233082706766917,1.0676691729323309,0.12030075187969924,0.41998444800113877,0.03701555199886125
29,Lotte Giants,133,87,11,3571,1520,134,0.983,9,89,45,33.6,2004,50,72,11,0.41,8,0.6541353383458647,0.08270676691729323,26.849624060150376,11.428571428571429,1.0075187969924813,0.06766917293233082,0.535233678025743,-0.12523367802574298
30,Incheon,133,83,10,3559,1469,147,0.984,12,90,60,40.0,2004,61,64,8,0.488,5,0.6240601503759399,0.07518796992481203,26.7593984962406,11.045112781954888,1.105263157894737,0.09022556390977443,0.5175030272527268,-0.0295030272527268
31,Samsung Lions,133,88,7,3589,1424,112,0.983,13,86,66,43.4,2004,73,52,8,0.584,2,0.6616541353383458,0.05263157894736842,26.984962406015036,10.706766917293233,0.8421052631578947,0.09774436090225563,0.5618296541852672,0.02217034581473276
32,Doosan Bears,126,80,7,3375,1299,149,0.983,12,86,36,29.5,2005,72,51,3,0.585,2,0.6349206349206349,0.05555555555555555,26.785714285714285,10.30952380952381,1.1825396825396826,0.09523809523809523,0.5226744670615231,0.06232553293847687
33,Hanwha Eagles,126,110,4,3333,1479,127,0.978,7,130,54,29.3,2005,64,61,1,0.512,4,0.873015873015873,0.031746031746031744,26.452380952380953,11.738095238095237,1.007936507936508,0.05555555555555555,0.45716956281676957,0.05483043718323044
34,Hyundai Unicorns,126,100,3,3347,1340,111,0.979,7,88,41,31.8,2005,53,70,3,0.431,7,0.7936507936507936,0.023809523809523808,26.563492063492063,10.634920634920634,0.8809523809523809,0.05555555555555555,0.4790045308983544,-0.04800453089835438
35,Kia Tigers,126,98,11,3315,1388,128,0.98,10,97,44,31.2,2005,49,76,1,0.392,8,0.7777777777777778,0.0873015873015873,26.30952380952381,11.015873015873016,1.0158730158730158,0.07936507936507936,0.4290960324261617,-0.03709603242616166
36,LG Twins,126,89,15,3307,1314,112,0.981,12,78,34,30.4,2005,54,71,1,0.432,6,0.7063492063492064,0.11904761904761904,26.246031746031747,10.428571428571429,0.8888888888888888,0.09523809523809523,0.41661890780811284,0.015381092191887158
37,Lotte Giants,126,98,9,3361,1417,124,0.98,6,111,36,24.5,2005,58,67,1,0.464,5,0.7777777777777778,0.07142857142857142,26.674603174603174,11.246031746031745,0.9841269841269841,0.047619047619047616,0.5008394989799392,-0.036839498979939156
38,Incheon,126,80,10,3411,1321,103,0.983,9,82,62,43.1,2005,70,50,6,0.583,3,0.6349206349206349,0.07936507936507936,27.071428571428573,10.484126984126984,0.8174603174603174,0.07142857142857142,0.5788215278427415,0.004178472157258417
39,Samsung Lions,126,86,5,3388,1361,98,0.982,2,83,37,30.8,2005,74,48,4,0.607,1,0.6825396825396826,0.03968253968253968,26.88888888888889,10.801587301587302,0.7777777777777778,0.015873015873015872,0.5429497945658524,0.06405020543414763
40,Doosan Bears,126,95,7,3347,1306,110,0.98,19,108,47,30.3,2006,63,60,3,0.512,5,0.753968253968254,0.05555555555555555,26.563492063492063,10.365079365079366,0.873015873015873,0.15079365079365079,0.4790045308983544,0.032995469101645636
41,Hanwha Eagles,126,84,6,3364,1421,105,0.983,7,123,51,29.3,2006,67,57,2,0.54,2,0.6666666666666666,0.047619047619047616,26.6984126984127,11.277777777777779,0.8333333333333334,0.05555555555555555,0.5055184207117076,0.03448157928829243
42,Hyundai Unicorns,126,93,6,3344,1326,125,0.98,3,81,23,22.1,2006,70,55,1,0.56,3,0.7380952380952381,0.047619047619047616,26.53968253968254,10.523809523809524,0.9920634920634921,0.023809523809523808,0.47432560916658684,0.08567439083341322
43,Kia Tigers,126,66,8,3355,1426,133,0.986,6,77,39,33.6,2006,64,59,3,0.52,4,0.5238095238095238,0.06349206349206349,26.626984126984127,11.317460317460318,1.0555555555555556,0.047619047619047616,0.4914816555164023,0.02851834448359769
44,LG Twins,126,82,9,3330,1382,132,0.983,7,64,42,39.6,2006,47,75,4,0.385,8,0.6507936507936508,0.07142857142857142,26.428571428571427,10.968253968253968,1.0476190476190477,0.05555555555555555,0.45249064108500114,-0.06749064108500114
45,Lotte Giants,126,84,10,3356,1529,123,0.983,13,70,48,40.7,2006,50,73,3,0.407,7,0.6666666666666666,0.07936507936507936,26.634920634920636,12.134920634920634,0.9761904761904762,0.10317460317460317,0.49304129609365877,-0.08604129609365879
46,Incheon,126,90,8,3372,1436,137,0.982,6,121,50,29.2,2006,60,65,1,0.48,6,0.7142857142857143,0.06349206349206349,26.761904761904763,11.396825396825397,1.0873015873015872,0.047619047619047616,0.5179955453297556,-0.037995545329755576
47,Samsung Lions,126,76,3,3354,1293,94,0.984,5,78,48,38.1,2006,73,50,3,0.593,1,0.6031746031746031,0.023809523809523808,26.61904761904762,10.261904761904763,0.746031746031746,0.03968253968253968,0.4899220149391468,0.1030779850608532
48,Doosan Bears,126,73,3,3394,1333,115,0.985,15,105,38,26.6,2007,70,54,2,0.565,2,0.5793650793650794,0.023809523809523808,26.936507936507937,10.579365079365079,0.9126984126984127,0.11904761904761904,0.5523076380293883,0.012692361970611632
49,Hanwha Eagles,126,76,9,3357,1468,118,0.984,3,124,74,37.4,2007,67,57,2,0.54,3,0.6031746031746031,0.07142857142857142,26.642857142857142,11.65079365079365,0.9365079365079365,0.023809523809523808,0.4946009366709152,0.04539906332908483
50,Hyundai Unicorns,126,96,4,3381,1327,106,0.98,12,127,47,27.0,2007,56,69,1,0.448,6,0.7619047619047619,0.031746031746031744,26.833333333333332,10.531746031746032,0.8412698412698413,0.09523809523809523,0.53203231052506,-0.08403231052505994
51,Kia Tigers,126,77,5,3329,1426,131,0.984,8,114,37,24.5,2007,51,74,1,0.408,8,0.6111111111111112,0.03968253968253968,26.42063492063492,11.317460317460318,1.0396825396825398,0.06349206349206349,0.4509310005077456,-0.04293100050774562
52,LG Twins,126,94,9,3407,1463,150,0.981,9,56,39,41.1,2007,58,62,6,0.483,5,0.746031746031746,0.07142857142857142,27.03968253968254,11.61111111111111,1.1904761904761905,0.07142857142857142,0.5725829655337176,-0.08958296553371758
53,Lotte Giants,126,82,14,3362,1444,118,0.983,10,80,38,32.2,2007,55,68,3,0.447,7,0.6507936507936508,0.1111111111111111,26.682539682539684,11.46031746031746,0.9365079365079365,0.07936507936507936,0.5023991395571956,-0.05539913955719561
54,Incheon,126,88,3,3418,1503,152,0.982,1,71,50,41.3,2007,73,48,5,0.603,1,0.6984126984126984,0.023809523809523808,27.126984126984127,11.928571428571429,1.2063492063492063,0.007936507936507936,0.5897390118835331,0.01326098811646692
55,Samsung Lions,126,87,8,3395,1431,113,0.982,8,70,43,38.1,2007,62,60,4,0.508,4,0.6904761904761905,0.06349206349206349,26.944444444444443,11.357142857142858,0.8968253968253969,0.06349206349206349,0.5538672786066439,-0.04586727860664386
56,Doosan Bears,126,92,5,3404,1325,111,0.981,12,109,46,29.7,2008,70,56,0,0.556,2,0.7301587301587301,0.03968253968253968,27.015873015873016,10.515873015873016,0.8809523809523809,0.09523809523809523,0.5679040438019491,-0.011904043801949094
57,Hanwha Eagles,126,61,8,3389,1457,150,0.988,9,171,55,24.3,2008,64,62,0,0.508,5,0.48412698412698413,0.06349206349206349,26.896825396825395,11.563492063492063,1.1904761904761905,0.07142857142857142,0.5445094351431079,-0.03650943514310789
58,Kia Tigers,126,75,5,3372,1481,129,0.985,6,143,54,27.4,2008,57,69,0,0.452,6,0.5952380952380952,0.03968253968253968,26.761904761904763,11.753968253968255,1.0238095238095237,0.047619047619047616,0.5179955453297556,-0.06599554532975554
59,LG Twins,126,76,13,3325,1365,118,0.984,7,87,51,37.0,2008,46,80,0,0.365,8,0.6031746031746031,0.10317460317460317,26.38888888888889,10.833333333333334,0.9365079365079365,0.05555555555555555,0.4446924381987216,-0.07969243819872163
60,Lotte Giants,126,92,3,3357,1507,155,0.981,7,112,55,32.9,2008,69,57,0,0.548,3,0.7301587301587301,0.023809523809523808,26.642857142857142,11.96031746031746,1.2301587301587302,0.05555555555555555,0.4946009366709152,0.05339906332908484
61,Incheon,126,102,9,3453,1464,133,0.98,6,89,65,42.2,2008,83,43,0,0.659,1,0.8095238095238095,0.07142857142857142,27.404761904761905,11.619047619047619,1.0555555555555556,0.047619047619047616,0.6443264320874951,0.014673567912504959
62,Samsung Lions,126,69,9,3370,1387,119,0.986,9,124,59,32.2,2008,65,61,0,0.516,4,0.5476190476190477,0.07142857142857142,26.746031746031747,11.007936507936508,0.9444444444444444,0.07142857142857142,0.5148762641752436,0.0011237358247564444
63,Heroes,126,100,10,3376,1403,121,0.98,10,123,58,32.0,2008,50,76,0,0.397,7,0.7936507936507936,0.07936507936507936,26.793650793650794,11.134920634920634,0.9603174603174603,0.07936507936507936,0.5242341076387795,-0.12723410763877951
64,Doosan Bears,133,83,6,3559,1455,148,0.984,12,107,53,33.1,2009,71,60,2,0.534,3,0.6240601503759399,0.045112781954887216,26.7593984962406,10.93984962406015,1.112781954887218,0.09022556390977443,0.5175030272527268,0.016496972747273242
65,Hanwha Eagles,133,94,10,3522,1417,146,0.981,11,174,56,24.3,2009,46,84,3,0.346,8,0.706766917293233,0.07518796992481203,26.481203007518797,10.654135338345865,1.0977443609022557,0.08270676691729323,0.46283352070259465,-0.11683352070259467
66,Heroes,133,90,6,3523,1459,141,0.982,16,138,48,25.8,2009,60,72,1,0.451,6,0.6766917293233082,0.045112781954887216,26.48872180451128,10.969924812030076,1.0601503759398496,0.12030075187969924,0.4643110749336792,-0.013311074933679168
67,Kia Tigers,133,94,5,3597,1500,129,0.982,3,133,45,25.3,2009,81,48,4,0.609,1,0.706766917293233,0.03759398496240601,27.045112781954888,11.278195488721805,0.9699248120300752,0.022556390977443608,0.5736500880339452,0.03534991196605475
68,LG Twins,133,84,9,3525,1514,153,0.984,13,136,49,26.5,2009,54,75,4,0.406,7,0.631578947368421,0.06766917293233082,26.50375939849624,11.38345864661654,1.150375939849624,0.09774436090225563,0.46726618339584824,-0.06126618339584822
69,Lotte Giants,133,96,9,3487,1523,152,0.981,9,113,49,30.2,2009,66,67,0,0.496,4,0.7218045112781954,0.06766917293233082,26.218045112781954,11.451127819548873,1.1428571428571428,0.06766917293233082,0.4111191226146307,0.08488087738536931
70,Incheon,133,94,5,3639,1406,152,0.982,9,80,43,35.0,2009,80,47,6,0.602,2,0.706766917293233,0.03759398496240601,27.360902255639097,10.571428571428571,1.1428571428571428,0.06766917293233082,0.6357073657395009,-0.03370736573950095
71,Samsung Lions,133,80,10,3491,1368,136,0.984,8,142,56,28.3,2009,64,69,0,0.481,5,0.6015037593984962,0.07518796992481203,26.24812030075188,10.285714285714286,1.0225563909774436,0.06015037593984962,0.4170293395389697,0.06397066046103028
72,Doosan Bears,133,91,11,3539,1455,112,0.982,8,119,44,27.0,2010,73,57,3,0.549,3,0.6842105263157895,0.08270676691729323,26.60902255639098,10.93984962406015,0.8421052631578947,0.06015037593984962,0.48795194263103436,0.06104805736896568
73,Hanwha Eagles,133,80,10,3508,1448,127,0.984,7,151,58,27.8,2010,49,82,2,0.368,8,0.6015037593984962,0.07518796992481203,26.37593984962406,10.887218045112782,0.9548872180451128,0.05263157894736842,0.4421477614674094,-0.07414776146740942
74,Kia Tigers,133,86,8,3551,1493,118,0.983,4,156,48,23.5,2010,59,74,0,0.444,5,0.6466165413533834,0.06015037593984962,26.69924812030075,11.225563909774436,0.8872180451127819,0.03007518796992481,0.5056825934040496,-0.061682593404049635
75,LG Twins,133,92,9,3564,1573,167,0.982,7,124,66,34.7,2010,57,71,5,0.429,6,0.6917293233082706,0.06766917293233082,26.796992481203006,11.827067669172932,1.255639097744361,0.05263157894736842,0.5248907984081503,-0.09589079840815035
76,Lotte Giants,133,102,11,3582,1680,130,0.981,6,131,62,32.1,2010,69,61,3,0.519,4,0.7669172932330827,0.08270676691729323,26.93233082706767,12.631578947368421,0.9774436090225563,0.045112781954887216,0.5514867745676746,-0.03248677456767457
77,Heroes,133,93,17,3557,1515,148,0.982,9,160,68,29.8,2010,52,78,3,0.391,7,0.6992481203007519,0.12781954887218044,26.74436090225564,11.390977443609023,1.112781954887218,0.06766917293233082,0.5145479187905577,-0.12354791879055771
78,Incheon,133,81,6,3595,1400,126,0.984,7,109,59,35.1,2010,84,47,2,0.632,1,0.6090225563909775,0.045112781954887216,27.030075187969924,10.526315789473685,0.9473684210526315,0.05263157894736842,0.5706949795717753,0.06130502042822472
79,Samsung Lions,133,92,12,3581,1369,118,0.982,6,134,65,32.7,2010,79,52,2,0.594,2,0.6917293233082706,0.09022556390977443,26.924812030075188,10.293233082706767,0.8872180451127819,0.045112781954887216,0.55000922033659,0.04399077966340992
80,Doosan Bears,133,81,9,3566,1463,132,0.984,6,96,71,42.5,2011,61,70,2,0.466,5,0.6090225563909775,0.06766917293233082,26.81203007518797,11.0,0.9924812030075187,0.045112781954887216,0.5278459068703203,-0.061845906870320266
81,Hanwha Eagles,133,82,4,3525,1284,104,0.983,6,136,36,20.9,2011,59,72,2,0.45,7,0.6165413533834586,0.03007518796992481,26.50375939849624,9.654135338345865,0.7819548872180451,0.045112781954887216,0.46726618339584824,-0.017266183395848234
82,Kia Tigers,133,67,8,3491,1400,126,0.986,5,120,48,28.6,2011,70,63,0,0.526,4,0.5037593984962406,0.06015037593984962,26.24812030075188,10.526315789473685,0.9473684210526315,0.03759398496240601,0.4170293395389697,0.10897066046103032
83,LG Twins,133,97,11,3581,1417,131,0.981,20,110,51,31.7,2011,59,72,2,0.45,6,0.7293233082706767,0.08270676691729323,26.924812030075188,10.654135338345865,0.9849624060150376,0.15037593984962405,0.55000922033659,-0.10000922033659004
84,Lotte Giants,133,106,10,3561,1576,165,0.98,7,88,60,40.5,2011,72,56,5,0.563,2,0.7969924812030075,0.07518796992481203,26.774436090225564,11.849624060150376,1.2406015037593985,0.05263157894736842,0.5204581357148967,0.042541864285103204
85,Heroes,133,96,8,3514,1495,142,0.981,14,175,68,28.0,2011,51,80,2,0.389,8,0.7218045112781954,0.06015037593984962,26.42105263157895,11.240601503759398,1.0676691729323309,0.10526315789473684,0.4510130868539175,-0.06201308685391749
86,Incheon,133,68,5,3577,1378,124,0.986,6,93,64,40.8,2011,71,59,3,0.546,3,0.5112781954887218,0.03759398496240601,26.894736842105264,10.360902255639099,0.9323308270676691,0.045112781954887216,0.5440990034122519,0.001900996587748116
87,Samsung Lions,133,75,5,3589,1298,115,0.985,6,91,50,35.5,2011,79,50,4,0.612,1,0.5639097744360902,0.03759398496240601,26.984962406015036,9.759398496240602,0.8646616541353384,0.045112781954887216,0.5618296541852672,0.050170345814732786
88,Doosan Bears,133,78,11,3580,1472,124,0.985,12,101,68,40.2,2012,68,62,3,0.523,3,0.5864661654135338,0.08270676691729323,26.917293233082706,11.06766917293233,0.9323308270676691,0.09022556390977443,0.5485316661055055,-0.0255316661055055
89,Hanwha Eagles,133,73,3,3517,1428,104,0.985,9,165,60,26.7,2012,53,77,3,0.408,8,0.5488721804511278,0.022556390977443608,26.44360902255639,10.736842105263158,0.7819548872180451,0.06766917293233082,0.4554457495471711,-0.04744574954717112
90,Kia Tigers,133,88,7,3551,1498,122,0.983,7,107,49,31.4,2012,62,65,6,0.488,5,0.6616541353383458,0.05263157894736842,26.69924812030075,11.263157894736842,0.9172932330827067,0.05263157894736842,0.5056825934040496,-0.01768259340404965
91,LG Twins,133,96,12,3606,1558,125,0.982,8,126,65,34.0,2012,57,72,4,0.442,7,0.7218045112781954,0.09022556390977443,27.112781954887218,11.714285714285714,0.9398496240601504,0.06015037593984962,0.5869480761137069,-0.14494807611370691
92,Lotte Giants,133,83,8,3571,1469,119,0.984,4,109,61,35.9,2012,65,62,6,0.512,4,0.6240601503759399,0.06015037593984962,26.849624060150376,11.045112781954888,0.8947368421052632,0.03007518796992481,0.535233678025743,-0.023233678025742943
93,Heroes,133,78,12,3562,1510,145,0.985,7,170,54,24.1,2012,61,69,3,0.469,6,0.5864661654135338,0.09022556390977443,26.781954887218046,11.353383458646617,1.0902255639097744,0.05263157894736842,0.5219356899459813,-0.0529356899459813
94,Incheon,133,63,9,3544,1414,143,0.987,6,95,54,36.2,2012,71,59,3,0.546,2,0.47368421052631576,0.06766917293233082,26.646616541353385,10.631578947368421,1.0751879699248121,0.045112781954887216,0.4953397137864579,0.05066028621354213
95,Samsung Lions,133,67,13,3563,1337,105,0.987,7,122,49,28.7,2012,80,51,2,0.611,1,0.5037593984962406,0.09774436090225563,26.789473684210527,10.052631578947368,0.7894736842105263,0.05263157894736842,0.5234132441770658,0.08758675582293418
96,Doosan Bears,128,61,6,3451,1372,133,0.988,8,114,59,34.1,2013,71,54,3,0.568,4,0.4765625,0.046875,26.9609375,10.71875,1.0390625,0.0625,0.5571084066812544,0.010891593318745563
97,Lotte Giants,128,98,26,3448,1449,114,0.98,2,113,66,36.9,2013,66,58,4,0.532,5,0.765625,0.203125,26.9375,11.3203125,0.890625,0.015625,0.5525025931015453,-0.02050259310154523
98,Samsung Lions,128,76,12,3440,1226,113,0.984,8,128,46,26.4,2013,75,51,2,0.595,1,0.59375,0.09375,26.875,9.578125,0.8828125,0.0625,0.5402204235556542,0.05477957644434572
99,Heroes,128,97,15,3439,1463,142,0.981,11,133,65,32.8,2013,72,54,2,0.571,3,0.7578125,0.1171875,26.8671875,11.4296875,1.109375,0.0859375,0.5386851523624179,0.03231484763758208
100,NC Dinos,128,93,10,3433,1373,121,0.981,8,87,55,38.7,2013,52,72,4,0.419,7,0.7265625,0.078125,26.8203125,10.7265625,0.9453125,0.0625,0.5294735252029996,-0.11047352520299963
101,Kia Tigers,128,71,10,3427,1318,103,0.985,10,193,57,22.8,2013,51,74,3,0.408,8,0.5546875,0.078125,26.7734375,10.296875,0.8046875,0.078125,0.5202618980435805,-0.1122618980435805
102,Incheon,128,84,14,3417,1350,128,0.983,11,81,47,36.7,2013,62,63,3,0.496,6,0.65625,0.109375,26.6953125,10.546875,1.0,0.0859375,0.5049091861112167,-0.008909186111216716
103,LG Twins,128,77,14,3404,1436,165,0.984,8,123,51,29.3,2013,74,54,0,0.578,2,0.6015625,0.109375,26.59375,11.21875,1.2890625,0.0625,0.48495066059914294,0.09304933940085702
104,Hanwha Eagles,128,74,5,3387,1301,103,0.984,12,159,56,26.0,2013,42,85,1,0.331,9,0.578125,0.0390625,26.4609375,10.1640625,0.8046875,0.09375,0.45885105031412365,-0.12785105031412364
105,Doosan Bears,128,81,3,3371,1268,102,0.983,7,113,46,28.9,2014,59,68,1,0.465,6,0.6328125,0.0234375,26.3359375,9.90625,0.796875,0.0546875,0.43428671122234164,0.030713288777658387
106,Hanwha Eagles,128,113,7,3387,1344,126,0.977,12,110,59,34.9,2014,49,77,2,0.389,9,0.8828125,0.0546875,26.4609375,10.5,0.984375,0.09375,0.45885105031412365,-0.06985105031412364
107,Kia Tigers,128,94,7,3365,1348,131,0.98,7,162,64,28.3,2014,54,74,0,0.422,8,0.734375,0.0546875,26.2890625,10.53125,1.0234375,0.0546875,0.4250750840629234,-0.0030750840629233944
108,LG Twins,128,91,10,3428,1414,125,0.982,9,119,48,28.7,2014,62,64,2,0.492,4,0.7109375,0.078125,26.78125,11.046875,0.9765625,0.0703125,0.5217971692368168,-0.029797169236816856
109,Lotte Giants,128,89,16,3400,1407,134,0.982,11,84,37,30.6,2014,58,69,1,0.457,7,0.6953125,0.125,26.5625,10.9921875,1.046875,0.0859375,0.47880957582619743,-0.021809575826197414
110,NC Dinos,128,87,6,3407,1384,125,0.982,9,94,43,31.4,2014,70,57,1,0.551,3,0.6796875,0.046875,26.6171875,10.8125,0.9765625,0.0703125,0.48955647417885206,0.06144352582114798
111,Heroes,128,79,12,3395,1342,125,0.984,7,118,44,27.2,2014,78,48,2,0.619,2,0.6171875,0.09375,26.5234375,10.484375,0.9765625,0.0546875,0.47113321986001555,0.14786678013998444
112,Incheon,128,107,3,3388,1373,132,0.978,6,103,51,33.1,2014,61,65,2,0.484,5,0.8359375,0.0234375,26.46875,10.7265625,1.03125,0.046875,0.4603863215073609,0.023613678492639067
113,Samsung Lions,128,77,6,3432,1171,104,0.984,8,100,44,30.6,2014,78,47,3,0.624,1,0.6015625,0.046875,26.8125,9.1484375,0.8125,0.0625,0.5279382540097624,0.09606174599023765
114,Heroes,144,110,24,3858,1540,138,0.98,10,111,52,31.9,2015,78,65,1,0.545,4,0.7638888888888888,0.16666666666666666,26.791666666666668,10.694444444444445,0.9583333333333334,0.06944444444444445,0.5238441974944656,0.021155802505534393
115,Doosan Bears,144,93,7,3858,1498,134,0.983,6,109,48,30.6,2015,79,65,0,0.549,3,0.6458333333333334,0.04861111111111111,26.791666666666668,10.402777777777779,0.9305555555555556,0.041666666666666664,0.5238441974944656,0.025155802505534397
116,Lotte Giants,144,114,10,3844,1569,138,0.979,16,107,54,33.5,2015,66,77,1,0.462,8,0.7916666666666666,0.06944444444444445,26.694444444444443,10.895833333333334,0.9583333333333334,0.1111111111111111,0.5047386004230789,-0.04273860042307892
117,Incheon,144,95,7,3842,1471,130,0.982,6,108,51,32.1,2015,69,73,2,0.486,5,0.6597222222222222,0.04861111111111111,26.680555555555557,10.215277777777779,0.9027777777777778,0.041666666666666664,0.5020092294128817,-0.016009229412881743
118,LG Twins,144,103,14,3839,1608,162,0.981,8,127,52,29.1,2015,64,78,2,0.451,9,0.7152777777777778,0.09722222222222222,26.65972222222222,11.166666666666666,1.125,0.05555555555555555,0.49791517289758414,-0.04691517289758412
119,Hanwha Eagles,144,105,9,3839,1582,145,0.981,14,165,63,27.6,2015,68,76,0,0.472,6,0.7291666666666666,0.0625,26.65972222222222,10.98611111111111,1.0069444444444444,0.09722222222222222,0.49791517289758414,-0.02591517289758416
120,NC Dinos,144,83,3,3838,1460,133,0.985,5,85,37,30.3,2015,84,57,3,0.596,2,0.5763888888888888,0.020833333333333332,26.65277777777778,10.13888888888889,0.9236111111111112,0.034722222222222224,0.49655048739248553,0.09944951260751445
121,Samsung Lions,144,96,9,3826,1304,104,0.982,8,80,49,38.0,2015,88,56,0,0.611,1,0.6666666666666666,0.0625,26.569444444444443,9.055555555555555,0.7222222222222222,0.05555555555555555,0.48017426133129604,0.13082573866870395
122,Kia Tigers,144,84,14,3819,1537,148,0.985,6,140,56,28.6,2015,67,77,0,0.465,7,0.5833333333333334,0.09722222222222222,26.520833333333332,10.67361111111111,1.0277777777777777,0.041666666666666664,0.47062146279560313,-0.005621462795603105
123,KT Wiz,144,118,14,3800,1530,159,0.978,6,139,64,31.5,2015,52,91,1,0.364,10,0.8194444444444444,0.09722222222222222,26.38888888888889,10.625,1.1041666666666667,0.041666666666666664,0.4446924381987216,-0.08069243819872163
124,Doosan Bears,144,79,8,3863,1522,160,0.986,4,82,44,34.9,2016,93,50,1,0.65,1,0.5486111111111112,0.05555555555555555,26.82638888888889,10.569444444444445,1.1111111111111112,0.027777777777777776,0.5306676250199613,0.11933237498003868
125,Hanwha Eagles,144,124,7,3878,1497,152,0.977,8,124,66,34.7,2016,66,75,3,0.468,7,0.8611111111111112,0.04861111111111111,26.930555555555557,10.395833333333334,1.0555555555555556,0.05555555555555555,0.5511379075964467,-0.08313790759644663
126,KT Wiz,144,130,5,3819,1550,151,0.976,11,115,55,32.4,2016,53,89,2,0.373,10,0.9027777777777778,0.034722222222222224,26.520833333333332,10.76388888888889,1.0486111111111112,0.0763888888888889,0.47062146279560313,-0.09762146279560313
127,Kia Tigers,144,111,10,3828,1441,139,0.979,4,136,49,26.5,2016,70,73,1,0.49,5,0.7708333333333334,0.06944444444444445,26.583333333333332,10.006944444444445,0.9652777777777778,0.027777777777777776,0.48290363234149414,0.007096367658505853
128,LG Twins,144,103,12,3863,1580,139,0.981,9,80,49,38.0,2016,71,71,2,0.5,4,0.7152777777777778,0.08333333333333333,26.82638888888889,10.972222222222221,0.9652777777777778,0.0625,0.5306676250199613,-0.030667625019961342
129,Lotte Giants,144,91,14,3799,1545,142,0.983,14,90,59,39.6,2016,66,78,0,0.458,8,0.6319444444444444,0.09722222222222222,26.381944444444443,10.729166666666666,0.9861111111111112,0.09722222222222222,0.4433277526936221,0.014672247306377895
130,NC Dinos,144,100,4,3859,1430,136,0.981,3,70,43,38.1,2016,83,58,3,0.589,2,0.6944444444444444,0.027777777777777776,26.79861111111111,9.930555555555555,0.9444444444444444,0.020833333333333332,0.5252088829995643,0.06379111700043572
131,Heroes,144,94,8,3841,1460,121,0.983,11,98,60,38.0,2016,77,66,1,0.538,3,0.6527777777777778,0.05555555555555555,26.67361111111111,10.13888888888889,0.8402777777777778,0.0763888888888889,0.5006445439077822,0.0373554560922178
132,Incheon,144,123,7,3822,1691,149,0.978,4,106,64,37.6,2016,69,75,0,0.479,6,0.8541666666666666,0.04861111111111111,26.541666666666668,11.743055555555555,1.0347222222222223,0.027777777777777776,0.4747155193109007,0.004284480689099257
133,Samsung Lions,144,90,12,3847,1410,140,0.983,8,115,58,33.5,2016,65,78,1,0.455,9,0.625,0.08333333333333333,26.71527777777778,9.791666666666666,0.9722222222222222,0.05555555555555555,0.5088326569383765,-0.05383265693837652
134,Doosan Bears,144,90,9,3864,1468,138,0.983,5,64,36,36.0,2017,84,57,3,0.596,2,0.625,0.0625,26.833333333333332,10.194444444444445,0.9583333333333334,0.034722222222222224,0.53203231052506,0.06396768947494003
135,Hanwha Eagles,144,91,4,3819,1500,151,0.983,11,78,42,35.0,2017,61,81,2,0.43,8,0.6319444444444444,0.027777777777777776,26.520833333333332,10.416666666666666,1.0486111111111112,0.0763888888888889,0.47062146279560313,-0.040621462795603136
136,KT Wiz,144,112,6,3768,1460,134,0.979,10,109,43,28.3,2017,50,94,0,0.347,10,0.7777777777777778,0.041666666666666664,26.166666666666668,10.13888888888889,0.9305555555555556,0.06944444444444445,0.4010225020355529,-0.05402250203555292
137,Kia Tigers,144,98,4,3870,1498,153,0.982,12,69,45,39.5,2017,87,56,1,0.608,1,0.6805555555555556,0.027777777777777776,26.875,10.402777777777779,1.0625,0.08333333333333333,0.5402204235556542,0.06777957644434573
138,LG Twins,144,103,12,3837,1434,127,0.981,9,62,37,37.4,2017,69,72,3,0.489,6,0.7152777777777778,0.08333333333333333,26.645833333333332,9.958333333333334,0.8819444444444444,0.0625,0.49518580188738603,-0.006185801887386044
139,Lotte Giants,144,86,10,3862,1514,132,0.984,14,87,45,34.1,2017,80,62,2,0.563,3,0.5972222222222222,0.06944444444444445,26.819444444444443,10.51388888888889,0.9166666666666666,0.09722222222222222,0.5293029395148618,0.0336970604851381
140,NC Dinos,144,108,4,3854,1432,134,0.98,4,64,42,39.6,2017,79,62,3,0.56,4,0.75,0.027777777777777776,26.76388888888889,9.944444444444445,0.9305555555555556,0.027777777777777776,0.5183854554740694,0.04161454452593061
141,Heroes,144,91,7,3813,1424,125,0.983,8,73,43,37.1,2017,69,73,2,0.486,7,0.6319444444444444,0.04861111111111111,26.479166666666668,9.88888888888889,0.8680555555555556,0.05555555555555555,0.4624333497650097,0.023566650234990272
142,Incheon,144,108,15,3812,1552,139,0.98,8,80,39,32.8,2017,75,68,1,0.524,5,0.75,0.10416666666666667,26.47222222222222,10.777777777777779,0.9652777777777778,0.05555555555555555,0.4610686642599102,0.0629313357400898
143,Samsung Lions,144,95,6,3844,1454,152,0.982,14,64,35,35.4,2017,55,84,5,0.396,9,0.6597222222222222,0.041666666666666664,26.694444444444443,10.097222222222221,1.0555555555555556,0.09722222222222222,0.5047386004230789,-0.10873860042307892
144,Doosan Bears,144,77,2,3866,1403,147,0.986,8,68,43,38.7,2018,93,51,0,0.646,1,0.5347222222222222,0.013888888888888888,26.84722222222222,9.743055555555555,1.0208333333333333,0.05555555555555555,0.534761681535258,0.11123831846474197
145,Hanwha Eagles,144,99,10,3822,1397,141,0.981,11,83,41,33.1,2018,77,67,0,0.535,3,0.6875,0.06944444444444445,26.541666666666668,9.70138888888889,0.9791666666666666,0.0763888888888889,0.4747155193109007,0.06028448068909931
146,KT Wiz,144,99,9,3823,1502,161,0.982,21,99,42,29.8,2018,59,82,3,0.418,9,0.6875,0.0625,26.54861111111111,10.430555555555555,1.1180555555555556,0.14583333333333334,0.47608020481599933,-0.05808020481599935
147,Kia Tigers,144,94,8,3812,1371,127,0.982,11,95,40,29.6,2018,70,74,0,0.486,5,0.6527777777777778,0.05555555555555555,26.47222222222222,9.520833333333334,0.8819444444444444,0.0763888888888889,0.4610686642599102,0.024931335740089766
148,LG Twins,144,100,7,3806,1404,121,0.981,10,100,41,29.1,2018,68,75,1,0.476,8,0.6944444444444444,0.04861111111111111,26.430555555555557,9.75,0.8402777777777778,0.06944444444444445,0.4528805512293159,0.02311944877068406
149,Lotte Giants,144,117,5,3851,1426,132,0.978,14,101,41,28.9,2018,68,74,2,0.479,7,0.8125,0.034722222222222224,26.743055555555557,9.902777777777779,0.9166666666666666,0.09722222222222222,0.5142913989587727,-0.03529139895877276
150,NC Dinos,144,107,7,3792,1401,141,0.98,19,86,46,34.8,2018,58,85,1,0.406,10,0.7430555555555556,0.04861111111111111,26.333333333333332,9.729166666666666,0.9791666666666666,0.13194444444444445,0.4337749541579292,-0.027774954157929188
151,Heroes,144,106,16,3846,1506,147,0.981,7,70,39,35.8,2018,75,69,0,0.521,4,0.7361111111111112,0.1111111111111111,26.708333333333332,10.458333333333334,1.0208333333333333,0.04861111111111111,0.507467971433277,0.013532028566722976
152,Incheon,144,116,6,3824,1434,133,0.978,6,95,39,29.1,2018,78,65,1,0.545,2,0.8055555555555556,0.041666666666666664,26.555555555555557,9.958333333333334,0.9236111111111112,0.041666666666666664,0.4774448903210988,0.06755510967890122
153,Samsung Lions,144,79,5,3856,1337,133,0.985,7,100,38,27.5,2018,68,72,4,0.486,6,0.5486111111111112,0.034722222222222224,26.77777777777778,9.284722222222221,0.9236111111111112,0.04861111111111111,0.5211148264842675,-0.03511482648426756
154,Doosan Bears,144,83,8,3851,1430,131,0.985,6,96,32,25.0,2019,88,55,1,0.615,1,0.5763888888888888,0.05555555555555555,26.743055555555557,9.930555555555555,0.9097222222222222,0.041666666666666664,0.5142913989587727,0.10070860104122725
155,Hanwha Eagles,144,106,8,3806,1488,151,0.98,10,104,49,32.0,2019,58,86,0,0.403,9,0.7361111111111112,0.05555555555555555,26.430555555555557,10.333333333333334,1.0486111111111112,0.06944444444444445,0.4528805512293159,-0.049880551229315895
156,KT Wiz,144,102,7,3831,1479,137,0.981,15,90,43,32.3,2019,71,71,2,0.5,6,0.7083333333333334,0.04861111111111111,26.604166666666668,10.270833333333334,0.9513888888888888,0.10416666666666667,0.48699768885679173,0.013002311143208267
157,Kia Tigers,144,110,5,3792,1381,126,0.979,9,116,50,30.1,2019,62,80,2,0.437,7,0.7638888888888888,0.034722222222222224,26.333333333333332,9.590277777777779,0.875,0.0625,0.4337749541579292,0.003225045842070784
158,Heroes,144,99,13,3837,1509,128,0.982,6,92,46,33.3,2019,86,57,1,0.601,3,0.6875,0.09027777777777778,26.645833333333332,10.479166666666666,0.8888888888888888,0.041666666666666664,0.49518580188738603,0.10581419811261394
159,LG Twins,144,95,6,3850,1507,139,0.983,7,115,41,26.3,2019,79,64,1,0.552,4,0.6597222222222222,0.041666666666666664,26.73611111111111,10.465277777777779,0.9652777777777778,0.04861111111111111,0.5129267134536732,0.0390732865463268
160,Lotte Giants,144,114,8,3813,1432,131,0.979,11,91,44,32.6,2019,48,93,3,0.34,10,0.7916666666666666,0.05555555555555555,26.479166666666668,9.944444444444445,0.9097222222222222,0.0763888888888889,0.4624333497650097,-0.12243334976500969
161,NC Dinos,144,95,6,3853,1477,130,0.982,4,64,49,43.4,2019,73,69,2,0.514,5,0.6597222222222222,0.041666666666666664,26.756944444444443,10.256944444444445,0.9027777777777778,0.027777777777777776,0.51702076996897,-0.0030207699689699385
162,Incheon,144,87,9,3877,1416,131,0.984,3,105,31,22.8,2019,88,55,1,0.615,2,0.6041666666666666,0.0625,26.92361111111111,9.833333333333334,0.9097222222222222,0.020833333333333332,0.5497732220913472,0.06522677790865283
163,Samsung Lions,144,105,4,3826,1370,132,0.98,9,90,38,29.7,2019,60,83,1,0.42,8,0.7291666666666666,0.027777777777777776,26.569444444444443,9.51388888888889,0.9166666666666666,0.0625,0.48017426133129604,-0.06017426133129605
164,Doosan Bears,144,85,10,3857,1282,126,0.984,6,91,25,21.6,2020,79,61,4,0.564,3,0.5902777777777778,0.06944444444444445,26.78472222222222,8.902777777777779,0.875,0.041666666666666664,0.5224795119893662,0.041520488010633794
165,Hanwha Eagles,144,100,7,3795,1279,133,0.981,10,120,45,27.3,2020,46,95,3,0.326,10,0.6944444444444444,0.04861111111111111,26.354166666666668,8.881944444444445,0.9236111111111112,0.06944444444444445,0.4378690106732268,-0.1118690106732268
166,KT Wiz,144,102,4,3871,1486,154,0.981,10,75,21,21.9,2020,81,62,1,0.566,2,0.7083333333333334,0.027777777777777776,26.881944444444443,10.319444444444445,1.0694444444444444,0.06944444444444445,0.5415851090607529,0.02441489093924709
167,Kia Tigers,144,100,7,3810,1480,169,0.981,10,82,46,35.9,2020,73,71,0,0.507,6,0.6944444444444444,0.04861111111111111,26.458333333333332,10.277777777777779,1.1736111111111112,0.06944444444444445,0.4583392932497121,0.048660706750287885
168,Heroes,144,112,15,3841,1544,143,0.98,8,87,39,31.0,2020,80,63,1,0.559,5,0.7777777777777778,0.10416666666666667,26.67361111111111,10.722222222222221,0.9930555555555556,0.05555555555555555,0.5006445439077822,0.05835545609221782
169,LG Twins,144,80,6,3878,1460,156,0.985,9,89,36,28.8,2020,79,61,4,0.564,4,0.5555555555555556,0.041666666666666664,26.930555555555557,10.13888888888889,1.0833333333333333,0.0625,0.5511379075964467,0.012862092403553294
170,Lotte Giants,144,94,3,3832,1444,124,0.982,7,95,28,22.8,2020,71,72,1,0.497,7,0.6527777777777778,0.020833333333333332,26.61111111111111,10.027777777777779,0.8611111111111112,0.04861111111111111,0.48836237436189034,0.008637625638109658
171,NC Dinos,144,87,9,3890,1294,120,0.983,10,49,42,46.2,2020,83,55,6,0.601,1,0.6041666666666666,0.0625,27.01388888888889,8.98611111111111,0.8333333333333334,0.06944444444444445,0.5675141336576353,0.03348586634236472
172,Incheon,144,99,6,3778,1326,139,0.981,6,129,57,30.6,2020,51,92,1,0.357,9,0.6875,0.041666666666666664,26.23611111111111,9.208333333333334,0.9652777777777778,0.041666666666666664,0.4146693570865425,-0.05766935708654253
173,Samsung Lions,144,102,9,3817,1310,126,0.98,6,57,38,40.0,2020,64,75,5,0.46,8,0.7083333333333334,0.0625,26.506944444444443,9.097222222222221,0.875,0.041666666666666664,0.46789209178540503,-0.007892091785405009
174,Doosan Bears,144,89,8,3808,1296,120,0.983,10,83,48,36.6,2021,71,65,8,0.522,4,0.6180555555555556,0.05555555555555555,26.444444444444443,9.0,0.8333333333333334,0.06944444444444445,0.45560992223951313,0.06639007776048689
175,Hanwha Eagles,144,120,7,3776,1262,121,0.977,7,111,41,27.0,2021,49,83,12,0.371,10,0.8333333333333334,0.04861111111111111,26.22222222222222,8.76388888888889,0.8402777777777778,0.04861111111111111,0.4119399860763444,-0.040939986076344415
176,KT Wiz,144,112,7,3792,1466,133,0.979,7,93,31,25.0,2021,76,59,9,0.563,1,0.7777777777777778,0.04861111111111111,26.333333333333332,10.180555555555555,0.9236111111111112,0.04861111111111111,0.4337749541579292,0.12922504584207073
177,Kia Tigers,144,110,9,3807,1368,139,0.979,10,92,43,31.9,2021,58,76,10,0.433,9,0.7638888888888888,0.0625,26.4375,9.5,0.9652777777777778,0.06944444444444445,0.4542452367344145,-0.02124523673441453
178,Heroes,144,129,14,3790,1532,152,0.976,5,85,35,29.2,2021,70,67,7,0.511,5,0.8958333333333334,0.09722222222222222,26.319444444444443,10.63888888888889,1.0555555555555556,0.034722222222222224,0.4310455831477311,0.0799544168522689
179,LG Twins,144,91,4,3817,1481,147,0.983,12,98,40,29.0,2021,72,58,14,0.554,3,0.6319444444444444,0.027777777777777776,26.506944444444443,10.284722222222221,1.0208333333333333,0.08333333333333333,0.46789209178540503,0.08610790821459502
180,Lotte Giants,144,85,9,3813,1403,123,0.984,8,101,44,30.3,2021,65,71,8,0.478,8,0.5902777777777778,0.0625,26.479166666666668,9.743055555555555,0.8541666666666666,0.05555555555555555,0.4624333497650097,0.015566650234990265
181,NC Dinos,144,111,4,3770,1292,105,0.979,5,84,40,32.3,2021,67,68,9,0.496,7,0.7708333333333334,0.027777777777777776,26.180555555555557,8.972222222222221,0.7291666666666666,0.034722222222222224,0.403751873045751,0.092248126954249
182,Incheon,144,102,14,3830,1409,123,0.981,12,105,46,30.5,2021,66,64,14,0.508,6,0.7083333333333334,0.09722222222222222,26.59722222222222,9.784722222222221,0.8541666666666666,0.08333333333333333,0.48563300335169224,0.02236699664830777
183,Samsung Lions,144,88,6,3777,1335,130,0.983,5,61,26,29.9,2021,76,59,9,0.563,2,0.6111111111111112,0.041666666666666664,26.229166666666668,9.270833333333334,0.9027777777777778,0.034722222222222224,0.4133046715814439,0.14969532841855604
184,Doosan Bears,144,117,3,3838,1394,128,0.978,13,95,34,26.4,2022,60,82,2,0.423,9,0.8125,0.020833333333333332,26.65277777777778,9.680555555555555,0.8888888888888888,0.09027777777777778,0.49655048739248553,-0.07355048739248554
185,Hanwha Eagles,144,134,7,3805,1406,111,0.975,8,121,51,29.7,2022,46,96,2,0.324,10,0.9305555555555556,0.04861111111111111,26.42361111111111,9.76388888888889,0.7708333333333334,0.05555555555555555,0.4515158657242164,-0.12751586572421642
186,KT Wiz,144,97,13,3862,1425,132,0.982,8,69,26,27.4,2022,80,62,2,0.563,4,0.6736111111111112,0.09027777777777778,26.819444444444443,9.895833333333334,0.9166666666666666,0.05555555555555555,0.5293029395148618,0.0336970604851381
187,Kia Tigers,144,107,5,3839,1378,111,0.98,8,64,41,39.0,2022,70,73,1,0.49,5,0.7430555555555556,0.034722222222222224,26.65972222222222,9.569444444444445,0.7708333333333334,0.05555555555555555,0.49791517289758414,-0.007915172897584144
188,Heroes,144,118,3,3889,1549,134,0.979,7,85,42,33.1,2022,80,62,2,0.563,3,0.8194444444444444,0.020833333333333332,27.006944444444443,10.756944444444445,0.9305555555555556,0.04861111111111111,0.5661494481525358,-0.0031494481525358164
189,LG Twins,144,89,6,3864,1394,139,0.983,7,113,26,18.7,2022,87,55,2,0.613,2,0.6180555555555556,0.041666666666666664,26.833333333333332,9.680555555555555,0.9652777777777778,0.04861111111111111,0.53203231052506,0.08096768947494004
190,Lotte Giants,144,114,3,3842,1403,124,0.979,11,99,39,28.3,2022,64,76,4,0.457,8,0.7916666666666666,0.020833333333333332,26.680555555555557,9.743055555555555,0.8611111111111112,0.0763888888888889,0.5020092294128817,-0.04500922941288171
191,NC Dinos,144,127,4,3860,1360,115,0.976,9,60,42,41.2,2022,67,74,3,0.475,6,0.8819444444444444,0.027777777777777776,26.805555555555557,9.444444444444445,0.7986111111111112,0.0625,0.5265735685046637,-0.05157356850466377
192,Incheon,144,109,9,3904,1455,138,0.98,4,107,31,22.5,2022,88,52,4,0.629,1,0.7569444444444444,0.0625,27.11111111111111,10.104166666666666,0.9583333333333334,0.027777777777777776,0.5866197307290211,0.04238026927097893
193,Samsung Lions,144,118,9,3861,1448,125,0.978,6,51,35,40.7,2022,66,76,2,0.465,7,0.8194444444444444,0.0625,26.8125,10.055555555555555,0.8680555555555556,0.041666666666666664,0.5279382540097624,-0.06293825400976233
194,Doosan Bears,144,114,11,3854,1300,108,0.978,12,60,40,40.0,2023,74,68,2,0.521,5,0.7916666666666666,0.0763888888888889,26.76388888888889,9.027777777777779,0.75,0.08333333333333333,0.5183854554740694,0.0026145445259305733
195,Hanwha Eagles,144,109,7,3875,1359,106,0.98,10,94,48,33.8,2023,58,80,6,0.42,9,0.7569444444444444,0.04861111111111111,26.90972222222222,9.4375,0.7361111111111112,0.06944444444444445,0.5470438510811491,-0.12704385108114907
196,KT Wiz,144,99,16,3861,1354,117,0.981,3,111,23,17.2,2023,79,62,3,0.56,2,0.6875,0.1111111111111111,26.8125,9.402777777777779,0.8125,0.020833333333333332,0.5279382540097624,0.0320617459902377
197,Kia Tigers,144,102,10,3807,1356,137,0.981,12,98,35,26.3,2023,73,69,2,0.514,6,0.7083333333333334,0.06944444444444445,26.4375,9.416666666666666,0.9513888888888888,0.08333333333333333,0.4542452367344145,0.05975476326558549
198,Heroes,144,114,5,3865,1424,125,0.979,9,129,45,25.9,2023,58,83,3,0.411,10,0.7916666666666666,0.034722222222222224,26.84027777777778,9.88888888888889,0.8680555555555556,0.0625,0.5333969960301594,-0.12239699603015947
199,LG Twins,144,128,8,3880,1341,131,0.976,10,115,30,20.7,2023,86,56,2,0.606,1,0.8888888888888888,0.05555555555555555,26.944444444444443,9.3125,0.9097222222222222,0.06944444444444445,0.5538672786066439,0.05213272139335612
200,Lotte Giants,144,103,3,3817,1365,111,0.981,13,91,46,33.6,2023,68,76,0,0.472,7,0.7152777777777778,0.020833333333333332,26.506944444444443,9.479166666666666,0.7708333333333334,0.09027777777777778,0.46789209178540503,0.004107908214594946
201,NC Dinos,144,130,7,3844,1339,126,0.976,7,96,42,30.4,2023,75,67,2,0.528,4,0.9027777777777778,0.04861111111111111,26.694444444444443,9.29861111111111,0.875,0.04861111111111111,0.5047386004230789,0.023261399576921082
202,Incheon,144,119,15,3865,1503,163,0.978,11,127,56,30.6,2023,76,65,3,0.539,3,0.8263888888888888,0.10416666666666667,26.84027777777778,10.4375,1.1319444444444444,0.0763888888888889,0.5333969960301594,0.005603003969840592
203,Samsung Lions,144,103,9,3835,1403,111,0.981,6,86,32,27.1,2023,61,82,1,0.427,8,0.7152777777777778,0.0625,26.631944444444443,9.743055555555555,0.7708333333333334,0.041666666666666664,0.49245643087718793,-0.06545643087718794
204,Doosan Bears,144,84,9,3851,1263,109,0.984,15,97,28,22.4,2024,74,68,2,0.521,4,0.5833333333333334,0.0625,26.743055555555557,8.770833333333334,0.7569444444444444,0.10416666666666667,0.5142913989587727,0.00670860104122728
205,Hanwha Eagles,144,105,5,3824,1324,132,0.98,12,110,43,28.1,2024,66,76,2,0.465,8,0.7291666666666666,0.034722222222222224,26.555555555555557,9.194444444444445,0.9166666666666666,0.08333333333333333,0.4774448903210988,-0.0124448903210988
206,KT Wiz,144,116,10,3853,1279,110,0.978,14,142,38,21.1,2024,72,70,2,0.507,5,0.8055555555555556,0.06944444444444445,26.756944444444443,8.881944444444445,0.7638888888888888,0.09722222222222222,0.51702076996897,-0.010020769968969945
207,Kia Tigers,144,146,7,3864,1400,133,0.973,10,108,31,22.3,2024,87,55,2,0.613,1,1.0138888888888888,0.04861111111111111,26.833333333333332,9.722222222222221,0.9236111111111112,0.06944444444444445,0.53203231052506,0.08096768947494004
208,Heroes,144,104,2,3818,1309,129,0.98,10,117,40,25.5,2024,58,86,0,0.403,10,0.7222222222222222,0.013888888888888888,26.51388888888889,9.090277777777779,0.8958333333333334,0.06944444444444445,0.4692567772905045,-0.0662567772905045
209,LG Twins,144,102,5,3831,1348,135,0.981,10,126,40,24.1,2024,76,66,2,0.535,3,0.7083333333333334,0.034722222222222224,26.604166666666668,9.36111111111111,0.9375,0.06944444444444445,0.48699768885679173,0.0480023111432083
210,Lotte Giants,144,123,10,3842,1411,143,0.977,3,89,36,28.8,2024,66,74,4,0.471,7,0.8541666666666666,0.06944444444444445,26.680555555555557,9.79861111111111,0.9930555555555556,0.020833333333333332,0.5020092294128817,-0.031009229412881756
211,NC Dinos,144,108,8,3827,1312,115,0.979,8,86,51,37.2,2024,61,81,2,0.43,9,0.75,0.05555555555555555,26.57638888888889,9.11111111111111,0.7986111111111112,0.05555555555555555,0.48153894683639553,-0.05153894683639554
212,Incheon,144,119,5,3809,1336,123,0.977,11,119,40,25.2,2024,72,70,2,0.507,6,0.8263888888888888,0.034722222222222224,26.45138888888889,9.277777777777779,0.8541666666666666,0.0763888888888889,0.4569746077446126,0.05002539225538738
213,Samsung Lions,144,81,3,3848,1252,105,0.984,8,114,50,30.5,2024,78,64,2,0.549,2,0.5625,0.020833333333333332,26.72222222222222,8.694444444444445,0.7291666666666666,0.05555555555555555,0.5101973424434751,0.0388026575565249
